scheme_id,scheme_name,government,category,benefits,eligibility_summary,eligibility_fields,application_url,source_url,last_verified
S001,Pradhan Mantri Kisan Samman Nidhi (PM-KISAN),Central,Agriculture,Income support for eligible landholding farmer families.,"Eligible landholding farmer families, subject to statutory exclusion categories and land-record/State verification.",Farmer/landholding; state/land records; exclusion checks,https://pmkisan.gov.in/,https://www.myscheme.gov.in/,2026-09-26
S002,Kisan Credit Card (KCC),Central,Agriculture,Credit support for crop cultivation and eligible allied activities.,"Owner cultivators, tenant farmers, oral lessees, sharecroppers, and eligible farmer SHGs/JLGs.",Farmer status; cultivation/land or tenancy evidence; bank appraisal,https://www.myscheme.gov.in/schemes/kcc,https://www.myscheme.gov.in/schemes/kcc,2026-09-26
S003,Pradhan Mantri Fasal Bima Yojana (PMFBY),Central,Agriculture,Crop insurance against specified crop losses and risks.,Farmers growing notified crops in notified areas and meeting season/crop enrollment requirements.,Farmer; notified crop/area; season enrollment,https://pmfby.gov.in/,https://www.myscheme.gov.in/,2026-09-26
S004,Pradhan Mantri Krishi Sinchayee Yojana (PMKSY),Central,Agriculture,Improves irrigation access and water-use efficiency through components implemented by government agencies.,Eligibility varies by PMKSY component and implementing program; farmers/eligible beneficiaries under notified component guidelines.,Component-specific; land/farm or project criteria,https://pmksy.gov.in/,https://www.myscheme.gov.in/,2026-09-26
S005,PM-KUSUM,Central,Agriculture,Support for decentralized solar power and solar agricultural pumps.,"Eligibility depends on component; farmers, farmer groups, cooperatives and other notified entities may qualify.",Component-specific; land/pump/grid criteria,https://pmkusum.mnre.gov.in/,https://www.myscheme.gov.in/,2026-09-26
S006,Pradhan Mantri Kisan Maandhan Yojana (PM-KMY),Central,Agriculture,Pension support for eligible small and marginal farmers.,"Small and marginal farmers generally aged 18–40, subject to landholding and exclusion conditions; contribution-based pension.",Age 18–40; farmer/landholding; exclusion checks,https://pmkmy.gov.in/,https://www.myscheme.gov.in/,2026-09-26
S007,Soil Health Card Scheme,Central,Agriculture,Soil testing and nutrient-management recommendations.,Farmers/land parcels covered by the soil-health testing program; access depends on state implementation.,Farmer/land parcel,https://soilhealth.dac.gov.in/,https://www.myscheme.gov.in/,2026-09-26
S008,Pradhan Mantri Awas Yojana – Gramin (PMAY-G),Central,Housing,Assistance for eligible rural households to construct pucca houses.,Rural households identified through the scheme's prescribed deprivation/selection process and subject to exclusion criteria.,Rural residence; housing/deprivation criteria; household verification,https://pmayg.nic.in/,https://www.myscheme.gov.in/,2026-09-26
S009,Pradhan Mantri Awas Yojana – Urban 2.0 (PMAY-U 2.0),Central,Housing,Housing assistance for eligible urban households.,Eligible urban households under notified EWS/LIG/MIG and other PMAY-U 2.0 conditions; generally no pucca house ownership and no prohibited prior housing benefit.,Urban residence; income band; house ownership; prior benefit,https://pmay-urban.gov.in/,https://www.myscheme.gov.in/schemes/pmay-u,2026-09-26
S010,Pradhan Mantri Ujjwala Yojana (PMUY),Central,Energy/Women,LPG connection support for eligible poor households/women.,"Adult woman from an eligible poor/deprived household without an existing LPG connection, subject to current PMUY identification rules.",Female adult; household eligibility; no existing LPG connection,https://www.pmuy.gov.in/,https://www.myscheme.gov.in/,2026-09-26
S011,Ayushman Bharat – PM Jan Arogya Yojana (PM-JAY),Central,Health,Cashless hospitalization cover for eligible poor/vulnerable families.,Eligibility is primarily based on government beneficiary databases and notified deprivation/occupational criteria; no general income-only self-declaration route.,Beneficiary database/household criteria; occupation/deprivation,https://pmjay.gov.in/,https://www.myscheme.gov.in/schemes/ab-pmjay,2026-09-26
S012,Pradhan Mantri Matru Vandana Yojana (PMMVY),Central,Women & Child,Maternity benefit for eligible women.,Eligible pregnant/lactating women meeting current PMMVY category and pregnancy/child conditions; benefits depend on prescribed registration and conditions.,Pregnancy; beneficiary category; registration; child conditions,https://pmmvy.wcd.gov.in/,https://www.myscheme.gov.in/,2026-09-26
S013,Janani Suraksha Yojana (JSY),Central,Women & Child,Promotes institutional delivery through cash assistance.,Eligibility varies by state/LPS-HPS classification and prescribed maternal/registration conditions.,Pregnancy; residence/state classification; institutional delivery,https://nhm.gov.in/index1.php?lang=1&level=3&sublinkid=841&lid=309,https://www.myscheme.gov.in/,2026-09-26
S014,Sukanya Samriddhi Account,Central,Women & Child,Savings scheme for the girl child with government-notified interest benefits.,Account can be opened for a girl child subject to current age and account-opening rules; generally by parent/guardian.,Girl child age/account rules; guardian,https://www.indiapost.gov.in/Financial/pages/content/sukanya-samriddhi-account.aspx,https://www.myscheme.gov.in/,2026-09-26
S015,National Social Assistance Programme – IGNOAPS,Central,Social Security,Old-age pension assistance for eligible low-income/BPL households under NSAP.,Senior citizens meeting current age and deprivation/BPL criteria administered through States/UTs.,Age; household economic criteria; state verification,https://nsap.nic.in/,https://www.myscheme.gov.in/,2026-09-26
S016,NSAP – Indira Gandhi National Widow Pension Scheme (IGNWPS),Central,Social Security,Pension assistance for eligible widows.,"Widows meeting current age and BPL/low-income household criteria, with state verification.",Widow status; age; household economic criteria,https://nsap.nic.in/,https://www.myscheme.gov.in/,2026-09-26
S017,NSAP – Indira Gandhi National Disability Pension Scheme (IGNDPS),Central,Social Security,Pension assistance for eligible persons with severe/multiple disabilities.,"Persons meeting prescribed age, disability severity and household economic criteria, subject to state verification.",Age; disability severity; household economic criteria,https://nsap.nic.in/,https://www.myscheme.gov.in/,2026-09-26
S018,NSAP – National Family Benefit Scheme (NFBS),Central,Social Security,Lump-sum assistance to eligible households after death of the primary breadwinner.,Eligible low-income/BPL household where the primary breadwinner dies and current scheme conditions are satisfied.,Household economic criteria; death of primary breadwinner; age/relationship rules,https://nsap.nic.in/,https://www.myscheme.gov.in/,2026-09-26
S019,PM Street Vendor's AtmaNirbhar Nidhi (PM SVANidhi),Central,Street Vendors,Working-capital support and incentives for eligible street vendors.,"Street vendors identified/covered under the scheme and municipal/ULB or survey/certificate requirements, subject to current guidelines.",Street-vendor status; ULB/survey evidence; KYC,https://pmsvanidhi.mohua.gov.in/,https://www.myscheme.gov.in/schemes/pm-svanidhi,2026-09-26
S020,PM Vishwakarma,Central,Artisans,"Credit, training, toolkit and market support for eligible traditional artisans/craftspeople.","Artisans/craftspeople in notified trades meeting age, occupation, family and other current scheme conditions.",Age 18+; notified trade; occupation; family/exclusion checks,https://pmvishwakarma.gov.in/,https://www.myscheme.gov.in/,2026-09-26
S021,Pradhan Mantri MUDRA Yojana (PMMY),Central,Business/Finance,Institutional credit for micro enterprises and eligible non-corporate small businesses.,"Eligible micro-enterprises/entrepreneurs seeking credit for permitted income-generating activities, subject to lender appraisal.",Business/activity; loan purpose; lender appraisal,https://www.mudra.org.in/,https://www.myscheme.gov.in/,2026-09-26
S022,Stand-Up India,Central,Business/Finance,Bank loans for greenfield enterprises promoted by eligible SC/ST and women entrepreneurs.,"SC/ST or woman entrepreneur aged 18+ setting up a greenfield enterprise, subject to current ownership/control and lender conditions.",Age 18+; SC/ST or woman; greenfield business; ownership/control,https://www.standupmitra.in/,https://www.myscheme.gov.in/,2026-09-26
S023,Prime Minister's Employment Generation Programme (PMEGP),Central,Employment/Business,Credit-linked subsidy for eligible new micro enterprises.,"Individuals 18+, SHGs and other eligible entities under PMEGP rules; new viable micro-enterprise subject to project and contribution conditions.",Age 18+; new enterprise; project/category conditions,https://www.kviconline.gov.in/pmegpeportal/,https://www.myscheme.gov.in/,2026-09-26
S024,Pradhan Mantri Shram Yogi Maandhan (PM-SYM),Central,Labour/Social Security,Contributory pension for eligible unorganized workers.,Unorganized workers generally aged 18–40 with monthly income up to the notified ceiling and not covered by specified formal social-security schemes.,Age 18–40; income ceiling; unorganized worker; exclusion checks,https://labour.gov.in/pm-sym,https://www.myscheme.gov.in/,2026-09-26
S025,Pradhan Mantri Jeevan Jyoti Bima Yojana (PMJJBY),Central,Insurance,Renewable life insurance cover linked to an eligible bank/post-office account.,"Eligible account holders generally aged 18–50 at entry, subject to current enrollment and premium rules.",Age 18–50; bank/post-office account; consent/premium,https://financialservices.gov.in/beta/en/pmjjby,https://www.myscheme.gov.in/,2026-09-26
S026,Pradhan Mantri Suraksha Bima Yojana (PMSBY),Central,Insurance,Accident insurance cover linked to an eligible bank/post-office account.,"Eligible account holders generally aged 18–70, subject to current enrollment and premium rules.",Age 18–70; bank/post-office account; consent/premium,https://financialservices.gov.in/beta/en/pmsby,https://www.myscheme.gov.in/,2026-09-26
S027,Atal Pension Yojana (APY),Central,Pension,Contributory pension scheme with defined pension options at age 60.,"Citizen aged 18–40 with eligible savings bank/post-office savings account, subject to current rules.",Age 18–40; savings account; contribution,https://financialservices.gov.in/atal-pension-yojana,https://www.myscheme.gov.in/,2026-09-26
S028,Pradhan Mantri Jan Dhan Yojana (PMJDY),Central,Financial Inclusion,Basic bank-account access and financial inclusion services.,"Individuals without a bank account can open a basic account through participating banks/BCs, subject to KYC.",Banking access; KYC,https://pmjdy.gov.in/,https://www.myscheme.gov.in/,2026-09-26
S029,Pradhan Mantri Kaushal Vikas Yojana (PMKVY),Central,Skills/Employment,Skill training and certification for eligible candidates.,Eligibility depends on current PMKVY training/candidate rules and approved job roles/training centers.,Age/education varies by job role; candidate/training-center criteria,https://www.pmkvyofficial.org/,https://www.myscheme.gov.in/,2026-09-26
S030,National Apprenticeship Promotion Scheme (NAPS),Central,Skills/Employment,Promotes apprenticeship training through support to employers and apprentices.,Candidates meeting apprenticeship eligibility for the relevant trade/qualification and establishments registered under apprenticeship framework.,Age/education/trade rules vary by apprenticeship,https://www.apprenticeshipindia.gov.in/,https://www.myscheme.gov.in/,2026-09-26
S031,PM-USP Central Sector Scheme of Scholarship for College and University Students (CSSS),Central,Education,Scholarships for meritorious students from economically weaker families pursuing higher education.,"Students meeting merit/cutoff, income ceiling, course/institution and other current NSP conditions.",Merit; family income; course/institution; application rules,https://scholarships.gov.in/,https://scholarships.gov.in/All-Scholarships,2026-09-26
S032,National Means-cum-Merit Scholarship Scheme (NMMSS),Central,Education,Scholarship support for selected students at secondary-school level.,"Students meeting prescribed class, school, parental-income and selection-test criteria.",Class/school; parental income; merit/selection,https://scholarships.gov.in/,https://scholarships.gov.in/All-Scholarships,2026-09-26
S033,"PM YASASVI – Top Class Education for OBC, EBC and DNT Students",Central,Education,Education support for eligible OBC/EBC/DNT students under notified components.,"Students belonging to notified OBC/EBC/DNT categories meeting income, merit and institution/course conditions.",Category; family income; merit; institution/course,https://scholarships.gov.in/,https://scholarships.gov.in/All-Scholarships,2026-09-26
S034,AICTE Pragati Scholarship for Girl Students,Central,Education,Scholarship support for eligible girl students in technical diploma/degree programs.,"Girl students admitted to eligible AICTE-approved technical programs, subject to current income and other scheme conditions.",Female; technical program; institution; family income,https://www.aicte-india.org/schemes/students-development-schemes/Pragati-Scholarship-Scheme,https://scholarships.gov.in/All-Scholarships,2026-09-26
S035,AICTE Saksham Scholarship for Specially Abled Students,Central,Education,Scholarship support for eligible specially-abled students in technical education.,"Students with prescribed disability level admitted to eligible AICTE-approved technical diploma/degree programs, subject to income and other rules.",Disability; technical program; institution; family income,https://www.aicte-india.org/schemes/students-development-schemes/Saksham-Scholarship-Scheme,https://scholarships.gov.in/All-Scholarships,2026-09-26
S036,AICTE Swanath Scholarship Scheme,Central,Education,Scholarship support for eligible students in specified vulnerable categories.,"Students in eligible technical diploma/degree programs who meet current Swanath category, institution and income/other conditions.",Technical program; institution; specified vulnerability; income,https://www.aicte-india.org/schemes/students-development-schemes/Swanath-Scholarship-Scheme,https://scholarships.gov.in/All-Scholarships,2026-09-26
S037,Uttar Pradesh Mukhyamantri Kanya Sumangala Yojana,Uttar Pradesh,Women & Child,Financial support linked to stages in the life/education of eligible girls.,"Girl child/family meeting UP residence, family-income and birth/education-stage conditions; current scheme rules include family/girl-count conditions.",UP residence; family income; girl child; birth/education conditions,https://mksy.up.gov.in/,https://mksy.up.gov.in/,2026-09-26
S038,Uttar Pradesh Scholarship & Fee Reimbursement,Uttar Pradesh,Education,Scholarship/fee reimbursement for eligible students studying in UP institutions.,"Eligibility varies by pre-/post-matric level, category, domicile, income, course and institution; applications processed through UP scholarship system.",Domicile/residence; category; family income; course/institution,https://scholarship.up.gov.in/,https://scholarship.up.gov.in/,2026-09-26
S039,Uttar Pradesh Old Age Pension Scheme,Uttar Pradesh,Social Security,Monthly pension support for eligible elderly residents.,UP residents meeting the current age and household-income/economic criteria and other state verification requirements.,UP residence; age; household income/economic criteria,https://sspy-up.gov.in/,https://sspy-up.gov.in/,2026-09-26
S040,Uttar Pradesh Widow Pension Scheme,Uttar Pradesh,Social Security,Monthly pension support for eligible widows.,UP resident widow meeting current age/income and other state eligibility and verification conditions.,UP residence; widow status; age; household income/economic criteria,https://sspy-up.gov.in/,https://sspy-up.gov.in/,2026-09-26
