user_document_id,user_id,document_name,status
UD001,U001,Aadhaar Card,Verified
UD002,U001,Student ID,Verified
UD003,U001,Income Certificate,Missing
UD004,U002,Aadhaar Card,Verified
UD005,U002,Student ID,Verified
UD006,U002,Income Certificate,Verified
UD007,U003,Aadhaar Card,Verified
UD008,U003,Land/landholding record,Verified
UD009,U003,Bank account details,Verified
UD010,U004,Aadhaar Card,Verified
UD011,U004,Land/cultivation proof,Verified
UD012,U004,Income Certificate,Missing
UD013,U005,Aadhaar Card,Verified
UD014,U005,Vendor certificate/ID,Verified
UD015,U005,Bank account details,Verified
UD016,U006,Aadhaar Card,Verified
UD017,U006,Business/activity details,Verified
UD018,U006,PAN/KYC,Missing
UD019,U007,Aadhaar Card,Verified
UD020,U007,Income Certificate,Verified
UD021,U008,Aadhaar Card,Verified
UD022,U008,Age proof,Verified
UD023,U008,Income/BPL/household proof,Missing
UD024,U009,Aadhaar Card,Verified
UD025,U009,Widow/death certificate,Verified
UD026,U009,Income/BPL/household proof,Verified
UD027,U010,Aadhaar Card,Verified
UD028,U010,Land/landholding record,Verified
UD029,U010,Bank account details,Verified
UD030,U011,Aadhaar Card,Verified
UD031,U011,Student ID,Verified
UD032,U011,Income Certificate,Verified
UD033,U012,Aadhaar Card,Verified
UD034,U012,Artisan/trade verification,Missing
UD035,U013,Aadhaar Card,Verified
UD036,U013,Student ID,Verified
UD037,U013,Income Certificate,Verified
UD038,U014,Aadhaar Card,Verified
UD039,U014,Bank account details,Verified
UD040,U014,Income Certificate,Missing
UD041,U015,Aadhaar Card,Verified
UD042,U015,Income Certificate,Verified
UD043,U016,Aadhaar Card,Verified
UD044,U016,Education certificate,Verified
UD045,U016,Apprenticeship registration,Missing
UD046,U017,Aadhaar Card,Verified
UD047,U017,Student ID,Verified
UD048,U017,Income Certificate,Missing
UD049,U018,Aadhaar Card,Verified
UD050,U018,Land/landholding record,Verified
UD051,U018,Bank account details,Verified
UD052,U019,Aadhaar Card,Verified
UD053,U019,Business/activity details,Verified
UD054,U019,Income Certificate,Verified
UD055,U020,Aadhaar Card,Verified
UD056,U020,Age proof,Verified
UD057,U020,Income/BPL/household proof,Verified
UD058,U021,Aadhaar Card,Verified
UD059,U021,Pregnancy/health registration record,Verified
UD060,U022,Aadhaar Card,Verified
UD061,U022,Student ID,Verified
UD062,U022,Income Certificate,Missing
UD063,U023,Aadhaar Card,Verified
UD064,U023,Disability certificate,Verified
UD065,U023,Student/admission proof,Verified
UD066,U024,Aadhaar Card,Verified
UD067,U024,Artisan/trade verification,Verified
UD068,U025,Aadhaar Card,Verified
UD069,U025,Income Certificate,Verified
UD070,U026,Aadhaar Card,Verified
UD071,U026,Vendor certificate/ID,Verified
UD072,U027,Aadhaar Card,Verified
UD073,U027,Widow/death certificate,Verified
UD074,U027,Income/BPL/household proof,Missing
UD075,U028,Aadhaar Card,Verified
UD076,U028,Land/landholding record,Verified
UD077,U028,Bank account details,Missing
UD078,U029,Aadhaar Card,Verified
UD079,U029,Business/activity details,Verified
UD080,U029,Income Certificate,Verified
UD081,U030,Aadhaar Card,Verified
UD082,U030,Student ID,Verified
UD083,U030,Income Certificate,Verified
UD084,U031,Aadhaar Card,Verified
UD085,U031,Student ID,Verified
UD086,U031,Income Certificate,Missing
UD087,U032,Aadhaar Card,Verified
UD088,U032,Land/landholding record,Verified
UD089,U032,Bank account details,Verified
UD090,U033,Aadhaar Card,Verified
UD091,U033,Student ID,Verified
UD092,U033,Income Certificate,Verified
UD093,U034,Aadhaar Card,Verified
UD094,U034,Business/activity details,Verified
UD095,U035,Aadhaar Card,Verified
UD096,U035,Artisan/trade verification,Verified
UD097,U036,Aadhaar Card,Verified
UD098,U036,Age proof,Verified
UD099,U036,Income/BPL/household proof,Missing
UD100,U037,Aadhaar Card,Verified
UD101,U037,Vendor certificate/ID,Missing
UD102,U038,Aadhaar Card,Verified
UD103,U038,Student ID,Verified
UD104,U038,Income Certificate,Verified
UD105,U039,Aadhaar Card,Verified
UD106,U039,Land/landholding record,Verified
UD107,U039,Bank account details,Verified
UD108,U040,Aadhaar Card,Verified
UD109,U040,Bank account details,Verified
UD110,U040,Income Certificate,Missing
